hashed_id|last_name|first_name|sex|dob|city|postal_code|state
sdv-pii-4qc72|Mcgrath|Jessica|Female|1972-05-31|Lake Deanna|80815|Pennsylvania
sdv-pii-k9x59|Fernandez|Kevin|Female|1967-07-05|Burchmouth|95597|North Dakota
sdv-pii-7jdcv|Church|Michael|Female|1971-11-29|Jennabury|13165|Iowa
sdv-pii-bugfw|Cherry|Veronica|Male|1964-07-27|Harrisstad|34494|Georgia
sdv-pii-9t0c5|Oliver|Lisa|Male|1957-11-26|Hortontown|85263|New York
sdv-pii-6cqhk|Mullins|Taylor|Male|1973-05-13|South Jerryborough|84855|Pennsylvania
sdv-pii-fcvf6|Miller|Peter|Female|1967-03-09|Wattsport|79466|New Jersey
sdv-pii-9m0ji|Dunn|Matthew|Male|1957-04-27|New Amy|51807|North Carolina
sdv-pii-5g214|Clark|Julie|Female|1963-12-04|Colleenfort|10546|Hawaii
sdv-pii-bac0r|Wood|Thomas|Female|1959-04-12|Lake Barbara|92446|Alaska
